concept_id,concept_name,domain_id,concept_class_id,vocabulary_id,Include DN,Comment DN
444224,"Overlapping malignant neoplasm of lip, oral cavity and pharynx",condition,clinical finding,SNOMED,,
436045,"Malignant neoplasm of lip, oral cavity and pharynx",condition,clinical finding,SNOMED,,
4093646,Malignant tumor of frenum of upper lip,condition,clinical finding,SNOMED,,
4090217,Malignant tumor of frenum of lower lip,condition,clinical finding,SNOMED,,
4170451,Malignant tumor of lipstick area of lip,condition,clinical finding,SNOMED,,
4118988,Malignant tumor of frenum of lip,condition,clinical finding,SNOMED,,
4180779,Malignant tumor of lip,condition,clinical finding,SNOMED,,
4180782,Malignant tumor of vermilion border of upper lip,condition,clinical finding,SNOMED,,
4178961,Malignant tumor of vermilion border of lower lip,condition,clinical finding,SNOMED,,
4177100,Malignant tumor of commissure of lip,condition,clinical finding,SNOMED,,
4225833,Malignant tumor of vermilion border of lip,condition,clinical finding,SNOMED,,
4181332,Malignant tumor of base of tongue,condition,clinical finding,SNOMED,,
4093649,Malignant tumor of anterior two-thirds of tongue - dorsal surface,condition,clinical finding,SNOMED,,
4093141,Malignant tumor of anterior two-thirds of tongue - ventral surface,condition,clinical finding,SNOMED,,
4089526,Malignant tumor of junctional zone of tongue,condition,clinical finding,SNOMED,,
4110420,Malignant tumor of anterior two-thirds of tongue - lateral margin,condition,clinical finding,SNOMED,,
4111649,Malignant tumor of tip of tongue,condition,clinical finding,SNOMED,,
4201475,Local recurrence of malignant tumor of tongue,condition,clinical finding,SNOMED,,
4196267,Metastasis from malignant tumor of tongue,condition,clinical finding,SNOMED,,
4177098,Malignant tumor of anterior two-thirds of tongue,condition,clinical finding,SNOMED,,
4178962,Malignant tumor of tongue,condition,clinical finding,SNOMED,,
4178963,Malignant tumor of gum,condition,clinical finding,SNOMED,,
4090224,Malignant tumor of anterior floor of mouth,condition,clinical finding,SNOMED,,
4089530,Malignant tumor of lateral floor of mouth,condition,clinical finding,SNOMED,,
4177101,Malignant tumor of floor of mouth,condition,clinical finding,SNOMED,,
4112598,Malignant tumor of inferior surface of soft palate,condition,clinical finding,SNOMED,,
4180787,Malignant tumor of hard palate,condition,clinical finding,SNOMED,,
4181336,Malignant tumor of soft palate,condition,clinical finding,SNOMED,,
4178964,Malignant tumor of palate,condition,clinical finding,SNOMED,,
25189,Malignant tumor of oral cavity,condition,clinical finding,SNOMED,,
4301656,Malignant infiltration of oral cavity by underlying tumor,condition,clinical finding,SNOMED,,
4180784,Malignant tumor of parotid gland,condition,clinical finding,SNOMED,,
4181333,Malignant tumor of major salivary gland,condition,clinical finding,SNOMED,,
4094720,Malignant tumor of tonsillar pillar,condition,clinical finding,SNOMED,,
4180783,Malignant tumor of lingual tonsil,condition,clinical finding,SNOMED,,
4181339,Malignant tumor of tonsil,condition,clinical finding,SNOMED,,
4180788,Malignant tumor of tonsillar fossa,condition,clinical finding,SNOMED,,
4094721,Malignant tumor of posterior wall of oropharynx,condition,clinical finding,SNOMED,,
4181338,Malignant tumor of oropharynx,condition,clinical finding,SNOMED,,
4095312,Malignant tumor of nasopharynx,condition,clinical finding,SNOMED,,
4094722,Malignant tumor of posterior wall of nasopharynx,condition,clinical finding,SNOMED,,
4095313,Malignant tumor of anterior wall of nasopharynx,condition,clinical finding,SNOMED,,
4116237,Malignant tumor of nasal cavity and nasopharynx,condition,clinical finding,SNOMED,,
4177103,Malignant tumor of lateral wall of nasopharynx,condition,clinical finding,SNOMED,,
4180789,Malignant tumor of pyriform fossa,condition,clinical finding,SNOMED,,
4177104,Malignant tumor of postcricoid region,condition,clinical finding,SNOMED,,
4116339,Malignant tumor of posterior wall of hypopharynx,condition,clinical finding,SNOMED,,
4181342,Malignant tumor of hypopharynx,condition,clinical finding,SNOMED,,
4177243,Malignant tumor of pharynx,condition,clinical finding,SNOMED,,
4114222,Malignant tumor of head and neck,condition,clinical finding,SNOMED,,
4118989,"Malignant tumor of soft tissue of head, face and neck",condition,clinical finding,SNOMED,,
435495,"Malignant mast cell tumor of lymph nodes of head, face AND/OR neck",condition,clinical finding,SNOMED,,
4177107,Malignant tumor of nasal cavity,condition,clinical finding,SNOMED,,
4181347,Malignant tumor of maxillary sinus,condition,clinical finding,SNOMED,,
4181486,Malignant tumor of nasal sinuses,condition,clinical finding,SNOMED,,
4178968,Malignant tumor of larynx,condition,clinical finding,SNOMED,,
4095756,Malignant tumor of bladder neck,condition,clinical finding,SNOMED,,
4180903,Malignant tumor of soft tissue of neck,condition,clinical finding,SNOMED,,
4178979,Malignant tumor of neck,condition,clinical finding,SNOMED,,
4200884,Local recurrence of malignant tumor of thyroid gland,condition,clinical finding,SNOMED,,
4178976,Malignant tumor of thyroid gland,condition,clinical finding,SNOMED,,
4181483,Malignant tumor of parathyroid gland,condition,clinical finding,SNOMED,,
440036,Primary malignant neoplasm of junctional zone of tongue,condition,clinical finding,SNOMED,,
440047,Primary malignant neoplasm of tonsillar pillar,condition,clinical finding,SNOMED,,
432558,Overlapping malignant neoplasm of nasopharynx,condition,clinical finding,SNOMED,,
4089649,Malignant neoplasm of floor of nasopharynx,condition,clinical finding,SNOMED,,
36684473,Primary malignant neoplasm of nasopharynx,condition,clinical finding,SNOMED,,
46271011,Malignant neoplasm of superior wall of nasopharynx,condition,clinical finding,SNOMED,,
36716501,Primary malignant epithelial neoplasm of nasopharynx,condition,clinical finding,SNOMED,,
438080,Primary malignant neoplasm of anterior wall of nasopharynx,condition,clinical finding,SNOMED,,
438692,Primary malignant neoplasm of lateral wall of nasopharynx,condition,clinical finding,SNOMED,,
436344,Primary malignant neoplasm of posterior wall of nasopharynx,condition,clinical finding,SNOMED,,
441223,Primary malignant neoplasm of superior wall of nasopharynx,condition,clinical finding,SNOMED,,
436923,Primary malignant neoplasm of urinary bladder neck,condition,clinical finding,SNOMED,,
4181334,Malignant tumor of upper gingiva,condition,clinical finding,SNOMED,,
4181335,Malignant tumor of lower gingiva,condition,clinical finding,SNOMED,,
140955,Overlapping malignant neoplasm of floor of mouth,condition,clinical finding,SNOMED,,
40492985,Malignant neoplasm of anterior and lateral floor of mouth,condition,clinical finding,SNOMED,,
438982,Primary malignant neoplasm of anterior portion of floor of mouth,condition,clinical finding,SNOMED,,
135750,Primary malignant neoplasm of floor of mouth,condition,clinical finding,SNOMED,,
440344,Primary malignant neoplasm of lateral portion of floor of mouth,condition,clinical finding,SNOMED,,
4095442,"Malignant neoplasm of nasal cavities, middle ear and accessory sinuses",condition,clinical finding,SNOMED,,
45757154,Thyroid disease in mother complicating childbirth,condition,clinical finding,SNOMED,,
45770894,Thyroiditis in mother complicating childbirth,condition,clinical finding,SNOMED,,
4049771,Congenital cleft thyroid cartilage,condition,clinical finding,SNOMED,,
4037501,Parathyroid hypocalcemic tetany,condition,clinical finding,SNOMED,,
4095447,Malignant neoplasm of thyroid cartilage,condition,clinical finding,SNOMED,,
4099043,Neoplasm of uncertain behavior of thyroid cartilage,condition,clinical finding,SNOMED,,
4096805,Post-surgical hypoparathyroidism,condition,clinical finding,SNOMED,,
138207,Thyroid dysfunction in the puerperium - baby delivered during current episode of care,condition,clinical finding,SNOMED,,
138484,Thyroid dysfunction in the puerperium - baby delivered during previous episode of care,condition,clinical finding,SNOMED,,
4010219,Open fracture of thyroid cartilage,condition,clinical finding,SNOMED,,
4018723,"Open division, thyroid cartilage ligament",condition,clinical finding,SNOMED,,
4329462,Hypercalcemia due to hyperthyroidism,condition,clinical finding,SNOMED,,
4334869,Cataract in hypoparathyroidism,condition,clinical finding,SNOMED,,
4034824,Hypothyroidism due to iodide organification defect,condition,clinical finding,SNOMED,,
4130027,Subclinical iodine deficiency hypothyroidism,condition,clinical finding,SNOMED,,
4082365,"Alopecia, nail dystrophy, ophthalmic complications, thyroid dysfunction, hypohidrosis, ephelides, enteropathy and respiratory tract infections",condition,clinical finding,SNOMED,,
4111010,Follicular thyroid carcinoma,condition,clinical finding,SNOMED,,
4116228,Papillary thyroid carcinoma,condition,clinical finding,SNOMED,,
4116229,Mixed follicular and papillary thyroid carcinoma,condition,clinical finding,SNOMED,,
4112985,Anaplastic thyroid carcinoma,condition,clinical finding,SNOMED,,
4111011,Medullary thyroid carcinoma,condition,clinical finding,SNOMED,,
4116231,Parathyroid carcinoma,condition,clinical finding,SNOMED,,
4263629,Atypical subacute thyroiditis,condition,clinical finding,SNOMED,,
37016339,Thyroiditis caused by amiodarone,condition,clinical finding,SNOMED,,
37016342,Hypothyroidism caused by drug,condition,clinical finding,SNOMED,,
37208050,Hypothyroidism caused by amiodarone,condition,clinical finding,SNOMED,,
4183767,"Thyroid surgical margin, involved by tumor",condition,clinical finding,SNOMED,,
4241674,"T4: Aerodigestive tract tumor invades adjacent structures (thyroid/cricoid cartilage, carotid artery, soft tissues of neck, prevertebral fascia/muscles, thyroid and/or esophagus)",condition,clinical finding,SNOMED,,
4240796,"T4: Tumor invades through cricoid or thyroid cartilage and/or extends into other tissues beyond the larynx (trachea, soft tissues of neck, thyroid, esophagus)",condition,clinical finding,SNOMED,,
4240311,"T4: Tumor invades through thyroid cartilage and/or extends to other tissues beyond the larynx (trachea, soft tissues of neck, pharynx)",condition,clinical finding,SNOMED,,
4240797,"T4: Tumor invades through thyroid cartilage, and/or extends into soft tissues of the neck, thyroid, and/or esophagus",condition,clinical finding,SNOMED,,
4240931,T4: Thyroid tumor of any size extending beyond the thyroid capsule,condition,clinical finding,SNOMED,,
4262864,"pT4a: Tumor invades thyroid/cricoid cartilage, hyoid bone, thyroid gland, esophagus or central compartment of soft tissue (hypopharynx)",condition,clinical finding,SNOMED,,
4263525,"pT3: Tumor limited to the larynx with vocal cord fixation and/or invades any of the following: postcrocoid area, pre-epiglottic tissues, paraglottic space, and/or minor thyroid cartilage erosion (e.g., inner cortex) (larynx, supraglottis)",condition,clinical finding,SNOMED,,
4245474,"pT4a: Tumor invades through the thyroid cartilage and/or invades tissues beyond the larynx (e.g., trachea, soft tissues of the neck including deep extrinsic muscle of the tongue, strap muscles, thyroid, or esophagus) (larynx, supraglottis)",condition,clinical finding,SNOMED,,
4246063,"pT3: Tumor limited to the larynx with vocal cord fixation, and/or invades the paraglottic space, and/or minor thyroid cartilage erosion (larynx, glottis)",condition,clinical finding,SNOMED,,
4246151,"pT4a: Tumor invades through thyroid cartilage and/or invades tissues beyond the larynx (e.g., trachea, soft tissues of the neck including deep intrinsic muscle of the tongue, strap muscles, thyroid, or esophagus) (larynx, glottis)",condition,clinical finding,SNOMED,,
4246155,"pT4a: Tumor invades cricoid or thyroid cartilage and/or invades tissues beyond the larynx (e.g., trachea, soft tissues of the neck including deep extrinsic muscle of the tongue, strap muscles, thyroid, or esophagus) (larynx, subglottis)",condition,clinical finding,SNOMED,,
4161543,pT4b: Tumor invades prevertebral fascia or encases carotid artery or mediastinal vessels (thyroid),condition,clinical finding,SNOMED,,
4163999,pT4b: Extrathyroidal anaplastic carcinoma - surgically unresectable (anaplastic carcinoma) (thyroid),condition,clinical finding,SNOMED,,
4161566,pT4a: Intrathyroidal anaplastic carcinoma - surgically resectable (anaplastic carcinoma) (thyroid),condition,clinical finding,SNOMED,,
4164606,"pT4a: Tumor of any size extending beyond the thyroid capsule to invade subcutaneous soft tissues, larynx, trachea, esophagus, or recurrent laryngeal nerve (thyroid)",condition,clinical finding,SNOMED,,
4164165,"pN1b: Metastasis to unilateral, bilateral, or contralateral cervical or superior mediastinal lymph nodes (thyroid)",condition,clinical finding,SNOMED,,
4299810,Calcifying panniculitis due to hyperparathyroidism,condition,clinical finding,SNOMED,,
4296487,Calcifying panniculitis due to hyperparathyroidism in renal disease,condition,clinical finding,SNOMED,,
4307263,Hurthle cell carcinoma of thyroid,condition,clinical finding,SNOMED,,
4312667,Thyroid cancer metastatic to bone,condition,clinical finding,SNOMED,,
4176932,Subclinical hyperthyroidism,condition,clinical finding,SNOMED,,
40483308,Calcifying cyst of thyroid,condition,clinical finding,SNOMED,,
40488900,Carcinoma of thyroid,condition,clinical finding,SNOMED,,
4167513,Sprain of thyroid cartilage,condition,clinical finding,SNOMED,,
4183422,Subclinical hypothyroidism,condition,clinical finding,SNOMED,,
442285,Open wound of thyroid gland with complication,condition,clinical finding,SNOMED,,
4209865,Cervical thyroid remnant,condition,clinical finding,SNOMED,,
442300,"Thyroid disease in mother complicating pregnancy, childbirth AND/OR puerperium",condition,clinical finding,SNOMED,,
46270966,Diffuse sclerosing papillary thyroid carcinoma,condition,clinical finding,SNOMED,,
37396743,Familial papillary thyroid carcinoma with renal papillary neoplasia syndrome,condition,clinical finding,SNOMED,,
36713418,Papillary thyroid carcinoma with renal papillary neoplasia,condition,clinical finding,SNOMED,,
36713528,Cataract due to idiopathic hypoparathyroidism,condition,clinical finding,SNOMED,,
36713529,Cataract due to pseudohypoparathyroidism,condition,clinical finding,SNOMED,,
36717199,"Obesity, colitis, hypothyroidism, cardiac hypertrophy, developmental delay syndrome",condition,clinical finding,SNOMED,,
37110332,Primary poorly differentiated carcinoma of thyroid gland,condition,clinical finding,SNOMED,,
37110333,Primary undifferentiated carcinoma of thyroid gland,condition,clinical finding,SNOMED,,
36676291,Primary differentiated carcinoma of thyroid gland,condition,clinical finding,SNOMED,,
37206370,Familial nonmedullary thyroid carcinoma,condition,clinical finding,SNOMED,,
4197642,Intrathyroidal calcification AND goiter syndrome,condition,clinical finding,SNOMED,,
4213595,Congenital anomaly of thyroid cartilage,condition,clinical finding,SNOMED,,
139196,Open wound of thyroid gland without complication,condition,clinical finding,SNOMED,,
4338540,Focal thyroiditis,condition,clinical finding,SNOMED,,
4228189,Closed fracture of thyroid cartilage,condition,clinical finding,SNOMED,,
35610411,Overlapping malignant neoplasm of mouth,condition,clinical finding,SNOMED,,
261808,Primary malignant neoplasm of vestibule of mouth,condition,clinical finding,SNOMED,,
4090226,Malignant tumor of vestibule of mouth,condition,clinical finding,SNOMED,,
440044,Overlapping malignant neoplasm of hypopharynx,condition,clinical finding,SNOMED,,
438691,Overlapping malignant neoplasm of oropharynx,condition,clinical finding,SNOMED,,
4094850,Malignant neoplasm of posterior pharynx,condition,clinical finding,SNOMED,,
40488898,Malignant epithelial neoplasm of oropharynx,condition,clinical finding,SNOMED,,
40490990,Malignant epithelial neoplasm of hypopharynx,condition,clinical finding,SNOMED,,
40492021,Malignant neoplasm of lateral wall of oropharynx,condition,clinical finding,SNOMED,,
439746,Primary malignant neoplasm of hypopharynx,condition,clinical finding,SNOMED,,
440345,Primary malignant neoplasm of lateral wall of oropharynx,condition,clinical finding,SNOMED,,
432833,Primary malignant neoplasm of oropharynx,condition,clinical finding,SNOMED,,
28083,Primary malignant neoplasm of pharynx,condition,clinical finding,SNOMED,,
439739,Primary malignant neoplasm of posterior wall of oropharynx,condition,clinical finding,SNOMED,,
35610172,Malignant neoplasm of ventral surface of tongue,condition,clinical finding,SNOMED,,
133710,Overlapping malignant neoplasm of lip,condition,clinical finding,SNOMED,,
436043,Overlapping malignant neoplasm of tongue,condition,clinical finding,SNOMED,,
28356,Overlapping malignant neoplasm of major salivary gland,condition,clinical finding,SNOMED,,
439745,Primary malignant neoplasm of salivary gland duct,condition,clinical finding,SNOMED,,
4002498,Overlapping malignant neoplasm of tonsil,condition,clinical finding,SNOMED,,
37018947,Primary squamous cell carcinoma of palatine tonsil,condition,clinical finding,SNOMED,,
761907,Primary adenocarcinoma of nasopharynx,condition,clinical finding,SNOMED,,
4093012,"Malignant neoplasm of upper lip, lipstick area",condition,clinical finding,SNOMED,,
4089516,"Malignant neoplasm of lower lip, external",condition,clinical finding,SNOMED,,
4090216,Malignant tumor of upper labial mucosa,condition,clinical finding,SNOMED,,
4093647,"Malignant neoplasm of lower lip, buccal aspect",condition,clinical finding,SNOMED,,
4089520,Malignant tumor of labial mucosa,condition,clinical finding,SNOMED,,
4089524,Malignant neoplasm of base of tongue dorsal surface,condition,clinical finding,SNOMED,,
40381321,Malignant neoplasm of dorsal surface of tongue,condition,clinical finding,SNOMED,,
4093650,Malignant neoplasm of midline of tongue,condition,clinical finding,SNOMED,,
440655,"Malignant neoplasm of tongue, tip and lateral border",condition,clinical finding,SNOMED,,
4093651,Malignant tumor of frenum linguae,condition,clinical finding,SNOMED,,
4094716,Malignant tumor of upper buccal sulcus,condition,clinical finding,SNOMED,,
4090227,Malignant tumor of lower buccal sulcus,condition,clinical finding,SNOMED,,
4090228,Malignant tumor of upper labial sulcus,condition,clinical finding,SNOMED,,
4090229,Malignant tumor of lower labial sulcus,condition,clinical finding,SNOMED,,
4091931,Malignant neoplasm of anterior epiglottis,condition,clinical finding,SNOMED,,
4089647,Malignant tumor of adenoid,condition,clinical finding,SNOMED,,
4092057,Malignant tumor of pharyngeal recess,condition,clinical finding,SNOMED,,
4089652,Malignant tumor aryepiglottic fold - hypopharyngeal aspect,condition,clinical finding,SNOMED,,
4089655,Malignant tumor of Waldeyer's ring,condition,clinical finding,SNOMED,,
4089860,Malignant melanoma of lip,condition,clinical finding,SNOMED,,
437226,Malignant neoplasm of nasopharyngeal wall,condition,clinical finding,SNOMED,,
4084147,Metastatic malignant neoplasm to nasopharynx,condition,clinical finding,SNOMED,,
37018880,Primary squamous cell carcinoma of vermilion border of lip,condition,clinical finding,SNOMED,,
4112451,Carcinoma of vermilion border of upper lip,condition,clinical finding,SNOMED,,
4110417,Carcinoma of vermilion border of lower lip,condition,clinical finding,SNOMED,,
4111645,Carcinoma of frenum of lip,condition,clinical finding,SNOMED,,
4112453,Carcinoma of frenum of upper lip,condition,clinical finding,SNOMED,,
4112455,Carcinoma of frenum of lower lip,condition,clinical finding,SNOMED,,
4112456,Carcinoma of commissure of lip,condition,clinical finding,SNOMED,,
4112580,Carcinoma of frenum linguae,condition,clinical finding,SNOMED,,
4112581,Carcinoma of lingual tonsil,condition,clinical finding,SNOMED,,
4111653,Carcinoma of upper gum,condition,clinical finding,SNOMED,,
4110422,Carcinoma of lower gum,condition,clinical finding,SNOMED,,
4111654,Carcinoma of anterior part of floor of mouth,condition,clinical finding,SNOMED,,
4110424,Carcinoma of lateral part of floor of mouth,condition,clinical finding,SNOMED,,
4115130,Carcinoma of soft palate,condition,clinical finding,SNOMED,,
4110425,Carcinoma of uvula,condition,clinical finding,SNOMED,,
4111776,Squamous cell carcinoma of buccal mucosa,condition,clinical finding,SNOMED,,
4111777,Carcinoma of upper buccal sulcus,condition,clinical finding,SNOMED,,
4110428,Carcinoma of lower buccal sulcus,condition,clinical finding,SNOMED,,
4110430,Carcinoma of upper labial sulcus,condition,clinical finding,SNOMED,,
4115135,Carcinoma of lower labial sulcus,condition,clinical finding,SNOMED,,
4111783,Carcinoma of retromolar area,condition,clinical finding,SNOMED,,
4115137,Malignant tumor of anterior pillar of fauces,condition,clinical finding,SNOMED,,
4115138,Carcinoma of parotid gland,condition,clinical finding,SNOMED,,
4110432,Carcinoma of submandibular gland,condition,clinical finding,SNOMED,,
4112585,Carcinoma of sublingual gland,condition,clinical finding,SNOMED,,
4113107,"Carcinoma of lip, oral cavity and pharynx",condition,clinical finding,SNOMED,,
4111021,Overlapping malignant neoplasm of oral cavity and lips and salivary glands,condition,clinical finding,SNOMED,,
4113108,Squamous cell carcinoma of lip,condition,clinical finding,SNOMED,,
4116235,Malignant tumor of salivary gland,condition,clinical finding,SNOMED,,
4153887,Carcinoma of lip,condition,clinical finding,SNOMED,,
4149844,Tongue carcinoma,condition,clinical finding,SNOMED,,
4150793,Malignant tumor of lower labial mucosa,condition,clinical finding,SNOMED,,
4158473,Carcinoma of base of tongue,condition,clinical finding,SNOMED,,
4158909,Tonsil carcinoma,condition,clinical finding,SNOMED,,
4173799,Carcinoma ventral surface of tongue,condition,clinical finding,SNOMED,,
4173800,Carcinoma anterior 2/3 tongue ventrum,condition,clinical finding,SNOMED,,
4170450,Carcinoma of anterior two-thirds of tongue - dorsal surface,condition,clinical finding,SNOMED,,
4173801,Carcinoma of midline of tongue,condition,clinical finding,SNOMED,,
4168069,Carcinoma of tongue base - dorsal surface,condition,clinical finding,SNOMED,,
4174593,Squamous cell carcinoma of tongue,condition,clinical finding,SNOMED,,
4174910,Squamous cell carcinoma of gum,condition,clinical finding,SNOMED,,
4081190,Squamous cell carcinoma of floor of mouth,condition,clinical finding,SNOMED,,
4174595,Squamous cell carcinoma of palate,condition,clinical finding,SNOMED,,
4115027,Squamous cell carcinoma of skin of upper lip,condition,clinical finding,SNOMED,,
4109067,Squamous cell carcinoma of skin of lower lip,condition,clinical finding,SNOMED,,
4145095,Squamous cell carcinoma of mouth,condition,clinical finding,SNOMED,,
4201476,Local recurrence of malignant tumor of buccal cavity,condition,clinical finding,SNOMED,,
22557,Malignant tumor of submandibular gland,condition,clinical finding,SNOMED,,
4180785,Malignant tumor of sublingual gland,condition,clinical finding,SNOMED,,
4180786,Malignant tumor of buccal mucosa,condition,clinical finding,SNOMED,,
4181337,Malignant tumor of uvula,condition,clinical finding,SNOMED,,
4178965,Malignant tumor of retromolar area,condition,clinical finding,SNOMED,,
4177102,Malignant tumor of vallecula,condition,clinical finding,SNOMED,,
4180909,Malignant tumor of minor salivary gland,condition,clinical finding,SNOMED,,
436042,Primary malignant neoplasm of anterior two-thirds of tongue,condition,clinical finding,SNOMED,,
4162118,Malignant neoplasm of border of tongue,condition,clinical finding,SNOMED,,
4156114,Primary malignant neoplasm of border of tongue,condition,clinical finding,SNOMED,,
134579,Primary malignant neoplasm of buccal mucosa,condition,clinical finding,SNOMED,,
255192,Primary malignant neoplasm of commissure of lip,condition,clinical finding,SNOMED,,
140950,Primary malignant neoplasm of gum,condition,clinical finding,SNOMED,,
4155171,Primary malignant neoplasm of lip,condition,clinical finding,SNOMED,,
440335,Primary malignant neoplasm of lower gum,condition,clinical finding,SNOMED,,
4162861,Primary malignant neoplasm of minor salivary gland,condition,clinical finding,SNOMED,,
439404,Primary malignant neoplasm of oral cavity,condition,clinical finding,SNOMED,,
434588,Primary malignant neoplasm of parotid gland,condition,clinical finding,SNOMED,,
31509,Primary malignant neoplasm of tonsil,condition,clinical finding,SNOMED,,
435478,Primary malignant neoplasm of upper gum,condition,clinical finding,SNOMED,,
132565,Primary malignant neoplasm of vermilion border of lower lip,condition,clinical finding,SNOMED,,
138074,Primary malignant neoplasm of vermilion border of upper lip,condition,clinical finding,SNOMED,,
4222105,Basal cell carcinoma of upper lip,condition,clinical finding,SNOMED,,
4222267,Basal cell carcinoma of lower lip,condition,clinical finding,SNOMED,,
4298740,Basal cell carcinoma of skin of lip,condition,clinical finding,SNOMED,,
4300554,Verrucous carcinoma of oral cavity,condition,clinical finding,SNOMED,,
4297188,Malignant melanoma of oral cavity,condition,clinical finding,SNOMED,,
4297349,Metastasis involving oral cavity,condition,clinical finding,SNOMED,,
4256777,Squamous cell carcinoma of pharynx,condition,clinical finding,SNOMED,,
4169288,Squamous cell carcinoma of mucous membrane of lower lip,condition,clinical finding,SNOMED,,
4302482,Squamous cell carcinoma of mucous membrane of upper lip,condition,clinical finding,SNOMED,,
4169627,Squamous cell carcinoma of oral mucous membrane,condition,clinical finding,SNOMED,,
4306501,Undifferentiated carcinoma of nasopharynx,condition,clinical finding,SNOMED,,
4309248,Squamous cell carcinoma of nasopharynx,condition,clinical finding,SNOMED,,
4309400,Adenoid cystic carcinoma of salivary gland,condition,clinical finding,SNOMED,,
4306965,Olfactory neuroblastoma,condition,clinical finding,SNOMED,,
4312929,Polymorphous low grade adenocarcinoma of salivary gland,condition,clinical finding,SNOMED,,
4307152,Adenocarcinoma of nasopharynx,condition,clinical finding,SNOMED,,
4307266,Adenoid cystic carcinoma of submandibular gland,condition,clinical finding,SNOMED,,
4308627,Adenoid cystic carcinoma of oropharynx,condition,clinical finding,SNOMED,,
4310565,Mucoepidermoid carcinoma of submandibular gland,condition,clinical finding,SNOMED,,
4309545,Squamous cell carcinoma of oropharynx,condition,clinical finding,SNOMED,,
4313754,Adenoid cystic carcinoma of parotid gland,condition,clinical finding,SNOMED,,
4311283,Malignant neoplasm of gum and contiguous sites,condition,clinical finding,SNOMED,,
4311287,Mucoepidermoid carcinoma of salivary gland,condition,clinical finding,SNOMED,,
4308149,Mucoepidermoid carcinoma of parotid gland,condition,clinical finding,SNOMED,,
4310839,Malignant melanoma of skin of lower lip,condition,clinical finding,SNOMED,,
4309088,Malignant melanoma of skin of upper lip,condition,clinical finding,SNOMED,,
4311719,Primary Kaposi's sarcoma of oral cavity,condition,clinical finding,SNOMED,,
4310135,Primary sarcoma of tongue,condition,clinical finding,SNOMED,,
4312798,Carcinoma ex pleomorphic adenoma of parotid gland,condition,clinical finding,SNOMED,,
4314314,Malignant mixed tumor of salivary gland,condition,clinical finding,SNOMED,,
40489409,Diffuse non-Hodgkin's lymphoma of nasopharynx,condition,clinical finding,SNOMED,,
40489467,Non-Hodgkin's lymphoma of nasopharynx,condition,clinical finding,SNOMED,,
40489483,Non-Hodgkin's lymphoma of oral cavity,condition,clinical finding,SNOMED,,
40489963,Diffuse non-Hodgkin's lymphoma of oral cavity,condition,clinical finding,SNOMED,,
40493011,Follicular non-Hodgkin's lymphoma of tonsil,condition,clinical finding,SNOMED,,
40493017,Follicular non-Hodgkin's lymphoma of oral cavity,condition,clinical finding,SNOMED,,
40493495,Carcinoma of floor of mouth,condition,clinical finding,SNOMED,,
40493514,Diffuse non-Hodgkin's lymphoma of tonsil,condition,clinical finding,SNOMED,,
40486169,Follicular non-Hodgkin's lymphoma of nasopharynx,condition,clinical finding,SNOMED,,
40486174,Malignant neoplasm of alveolus of maxilla,condition,clinical finding,SNOMED,,
40486201,Nasopharyngeal carcinoma,condition,clinical finding,SNOMED,,
40486208,Carcinoma of pharynx,condition,clinical finding,SNOMED,,
40486214,Malignant neoplasm of alveolus dentalis,condition,clinical finding,SNOMED,,
40486637,Non-Hodgkin's lymphoma of tonsil,condition,clinical finding,SNOMED,,
40487580,Malignant epithelial neoplasm of alveolus dentalis,condition,clinical finding,SNOMED,,
40488048,Malignant neoplasm of alveolus of mandible,condition,clinical finding,SNOMED,,
44782582,Keratinizing squamous cell carcinoma of nasopharynx,condition,clinical finding,SNOMED,,
44783846,Malignant melanoma of vestibule of mouth,condition,clinical finding,SNOMED,,
44782589,Malignant melanoma of tongue,condition,clinical finding,SNOMED,,
44783847,Malignant melanoma of floor of mouth,condition,clinical finding,SNOMED,,
44783848,Malignant melanoma of palatine arch,condition,clinical finding,SNOMED,,
44782590,Malignant melanoma of buccal mucosa,condition,clinical finding,SNOMED,,
44783851,Undifferentiated nonkeratinizing carcinoma of nasopharynx,condition,clinical finding,SNOMED,,
44782652,Malignant melanoma of gum,condition,clinical finding,SNOMED,,
45768871,Primary adenocarcinoma of hypopharynx,condition,clinical finding,SNOMED,,
45768872,Primary oxyphilic adenocarcinoma of oropharynx,condition,clinical finding,SNOMED,,
45768873,Primary basal cell adenocarcinoma of oropharynx,condition,clinical finding,SNOMED,,
45768874,Primary polymorphous low grade adenocarcinoma of oropharynx,condition,clinical finding,SNOMED,,
45768875,Primary papillary adenocarcinoma of oropharynx,condition,clinical finding,SNOMED,,
45768876,Primary mucinous adenocarcinoma of oropharynx,condition,clinical finding,SNOMED,,
45768877,Primary clear cell adenocarcinoma of oropharynx,condition,clinical finding,SNOMED,,
45768878,Primary adenocarcinoma of oropharynx,condition,clinical finding,SNOMED,,
45768882,Primary mucoepidermoid carcinoma of hypopharynx,condition,clinical finding,SNOMED,,
45772941,Primary basaloid squamous cell carcinoma of hypopharynx,condition,clinical finding,SNOMED,,
45768942,Primary papillary squamous cell carcinoma of hypopharynx,condition,clinical finding,SNOMED,,
45768943,Primary undifferentiated carcinoma of hypopharynx,condition,clinical finding,SNOMED,,
45768944,Primary adenoid squamous cell carcinoma of hypopharynx,condition,clinical finding,SNOMED,,
45768945,Primary adenosquamous carcinoma of hypopharynx,condition,clinical finding,SNOMED,,
45768946,Primary basaloid carcinoma of hypopharynx,condition,clinical finding,SNOMED,,
45768947,Primary giant cell carcinoma of hypopharynx,condition,clinical finding,SNOMED,,
45768948,Primary spindle cell squamous cell carcinoma of hypopharynx,condition,clinical finding,SNOMED,,
45768949,Primary verrucous carcinoma of hypopharynx,condition,clinical finding,SNOMED,,
45768950,Primary lymphoepithelial carcinoma of hypopharynx,condition,clinical finding,SNOMED,,
45768951,Primary squamous cell carcinoma of hypopharynx,condition,clinical finding,SNOMED,,
45768977,Primary squamous cell carcinoma of nasopharynx,condition,clinical finding,SNOMED,,
45768978,Overlapping squamous cell carcinoma of oropharynx,condition,clinical finding,SNOMED,,
45768980,Primary squamous cell carcinoma of posterior wall of oropharynx,condition,clinical finding,SNOMED,,
45768982,Primary squamous cell carcinoma of lateral wall of oropharynx,condition,clinical finding,SNOMED,,
45768984,Primary squamous cell carcinoma of anterior surface of epiglottis,condition,clinical finding,SNOMED,,
45773564,Primary squamous cell carcinoma of vallecula,condition,clinical finding,SNOMED,,
45768985,Primary adenoid cystic carcinoma of hypopharynx,condition,clinical finding,SNOMED,,
45772951,Primary basaloid squamous cell carcinoma of oropharynx,condition,clinical finding,SNOMED,,
45769021,Primary basaloid carcinoma of oropharynx,condition,clinical finding,SNOMED,,
45769022,Primary papillary squamous cell carcinoma of oropharynx,condition,clinical finding,SNOMED,,
45769023,Primary spindle cell squamous cell carcinoma of oropharynx,condition,clinical finding,SNOMED,,
45769024,Primary adenosquamous carcinoma of oropharynx,condition,clinical finding,SNOMED,,
45769025,Primary lymphoepithelial carcinoma of oropharynx,condition,clinical finding,SNOMED,,
45769026,Primary squamous cell carcinoma of oropharynx,condition,clinical finding,SNOMED,,
45769027,Primary myoepithelial carcinoma of oropharynx,condition,clinical finding,SNOMED,,
45769028,Primary carcinoma ex pleomorphic adenoma of oropharynx,condition,clinical finding,SNOMED,,
45769029,Primary epithelial-myoepithelial carcinoma of oropharynx,condition,clinical finding,SNOMED,,
45771025,Primary cystadenocarcinoma of oropharynx,condition,clinical finding,SNOMED,,
45769030,Primary acinar cell carcinoma of oropharynx,condition,clinical finding,SNOMED,,
45769031,Primary mucoepidermoid carcinoma of oropharynx,condition,clinical finding,SNOMED,,
45769032,Primary infiltrating duct carcinoma of oropharynx,condition,clinical finding,SNOMED,,
45771026,Primary salivary gland-type tumor of oropharynx,condition,clinical finding,SNOMED,,
45769058,Primary salivary gland type carcinoma of hypopharynx,condition,clinical finding,SNOMED,,
45769059,Overlapping squamous cell carcinoma of hypopharynx,condition,clinical finding,SNOMED,,
45769108,Primary squamous cell carcinoma of posterior wall of hypopharynx,condition,clinical finding,SNOMED,,
45771033,Primary squamous cell carcinoma of hypopharyngeal aspect of aryepiglottic fold,condition,clinical finding,SNOMED,,
45769121,Primary squamous cell carcinoma of postcricoid region,condition,clinical finding,SNOMED,,
45769122,Primary squamous cell carcinoma of pyriform sinus,condition,clinical finding,SNOMED,,
45769123,Nonkeratinizing carcinoma of the nasopharynx,condition,clinical finding,SNOMED,,
36715797,Primary adenocarcinoma of parotid gland,condition,clinical finding,SNOMED,,
36715837,Primary undifferentiated carcinoma of oropharynx,condition,clinical finding,SNOMED,,
36716485,Primary rhabdomyosarcoma of oral cavity,condition,clinical finding,SNOMED,,
36716486,Primary rhabdomyosarcoma of pharynx,condition,clinical finding,SNOMED,,
36716502,Primary squamous cell carcinoma of pharyngeal tonsil,condition,clinical finding,SNOMED,,
36716610,Primary squamous cell carcinoma of base of tongue,condition,clinical finding,SNOMED,,
36717352,Primary squamous cell carcinoma of lingual tonsil,condition,clinical finding,SNOMED,,
36717226,Primary squamous cell carcinoma of parotid gland,condition,clinical finding,SNOMED,,
37116583,Primary squamous cell carcinoma of oral cavity,condition,clinical finding,SNOMED,,
37116584,Primary squamous cell carcinoma of lip,condition,clinical finding,SNOMED,,
37117762,Primary squamous cell carcinoma of pharynx,condition,clinical finding,SNOMED,,
42537751,Primary adenocarcinoma of sublingual gland,condition,clinical finding,SNOMED,,
42537752,Primary adenocarcinoma of submandibular gland,condition,clinical finding,SNOMED,,
42537753,Primary squamous cell carcinoma of submandibular gland,condition,clinical finding,SNOMED,,
42539700,Primary squamous cell carcinoma of sublingual gland,condition,clinical finding,SNOMED,,
37018571,Primary adenoid cystic carcinoma of nasopharynx,condition,clinical finding,SNOMED,,
37204489,Malignant epithelial neoplasm of salivary gland,condition,clinical finding,SNOMED,,
3655852,Papillary squamous cell carcinoma of nasopharynx,condition,clinical finding,SNOMED,,
140048,Malignant melanoma of skin of lip,condition,clinical finding,SNOMED,,
4246793,Primary malignant neoplasm of adenoid,condition,clinical finding,SNOMED,,
4246015,Primary malignant neoplasm of alveolar ridge mucosa,condition,clinical finding,SNOMED,,
436643,Primary malignant neoplasm of anterior aspect of epiglottis,condition,clinical finding,SNOMED,,
256633,Primary malignant neoplasm of base of tongue,condition,clinical finding,SNOMED,,
434587,Primary malignant neoplasm of dorsal surface of tongue,condition,clinical finding,SNOMED,,
4311476,Primary malignant neoplasm of gingival mucosa,condition,clinical finding,SNOMED,,
434577,Primary malignant neoplasm of hypopharyngeal aspect of aryepiglottic fold,condition,clinical finding,SNOMED,,
4311479,Primary malignant neoplasm of hypopharyngeal aspect of interarytenoid fold,condition,clinical finding,SNOMED,,
132832,Primary malignant neoplasm of inner aspect of lip,condition,clinical finding,SNOMED,,
137219,Primary malignant neoplasm of inner aspect of lower lip,condition,clinical finding,SNOMED,,
138351,Primary malignant neoplasm of inner aspect of upper lip,condition,clinical finding,SNOMED,,
4247831,Primary malignant neoplasm of laryngeal surface of epiglottis,condition,clinical finding,SNOMED,,
434289,Primary malignant neoplasm of lingual tonsil,condition,clinical finding,SNOMED,,
4247836,Primary malignant neoplasm of major salivary gland,condition,clinical finding,SNOMED,,
436922,Primary malignant neoplasm of postcricoid region,condition,clinical finding,SNOMED,,
435474,Primary malignant neoplasm of posterior hypopharyngeal wall,condition,clinical finding,SNOMED,,
435190,Primary malignant neoplasm of pyriform sinus,condition,clinical finding,SNOMED,,
433704,Primary malignant neoplasm of retromolar area,condition,clinical finding,SNOMED,,
136915,Primary malignant neoplasm of skin of lip,condition,clinical finding,SNOMED,,
254282,Primary malignant neoplasm of soft palate,condition,clinical finding,SNOMED,,
439738,Primary malignant neoplasm of sublingual gland,condition,clinical finding,SNOMED,,
4312691,Primary malignant neoplasm of submaxillary gland,condition,clinical finding,SNOMED,,
437498,Primary malignant neoplasm of tongue,condition,clinical finding,SNOMED,,
433709,Primary malignant neoplasm of tonsillar fossa,condition,clinical finding,SNOMED,,
434285,Primary malignant neoplasm of uvula,condition,clinical finding,SNOMED,,
438360,Primary malignant neoplasm of vallecula,condition,clinical finding,SNOMED,,
437220,Primary malignant neoplasm of ventral surface of tongue,condition,clinical finding,SNOMED,,
133969,Primary malignant neoplasm of vermilion border of lip,condition,clinical finding,SNOMED,,
432254,Primary malignant neoplasm of Waldeyer's ring,condition,clinical finding,SNOMED,,
4111775,Carcinoma of hard palate,condition,clinical finding,SNOMED,,
438694,Primary malignant neoplasm of hard palate,condition,clinical finding,SNOMED,,
4246138,Primary malignant neoplasm of palatine bone,condition,clinical finding,SNOMED,,
140958,Kaposi's sarcoma of palate,condition,clinical finding,SNOMED,,
4001170,Overlapping malignant neoplasm of palate,condition,clinical finding,SNOMED,,
4089644,Malignant neoplasm of junction of hard and soft palate,condition,clinical finding,SNOMED,,
4166769,Palate carcinoma,condition,clinical finding,SNOMED,,
134290,Primary malignant neoplasm of palate,condition,clinical finding,SNOMED,,
44784246,Malignant melanoma of palate,condition,clinical finding,SNOMED,,
36715796,Primary adenocarcinoma of palate,condition,clinical finding,SNOMED,,
36684449,High grade astrocytoma of brain,condition,clinical finding,SNOMED,,
36684450,Low grade astrocytoma of brain,condition,clinical finding,SNOMED,,
36684451,Oligodendroglioma of cerebrum,condition,clinical finding,SNOMED,,
759902,Oligodendroglioma of brain stem,condition,clinical finding,SNOMED,,
37016118,Astrocytoma of brain stem,condition,clinical finding,SNOMED,,
36712712,Primary basal cell carcinoma of left ear,condition,clinical finding,SNOMED,,
36712713,Primary basal cell carcinoma of left eyelid,condition,clinical finding,SNOMED,,
36712714,Primary basal cell carcinoma of right ear,condition,clinical finding,SNOMED,,
36712715,Primary basal cell carcinoma of right eyelid,condition,clinical finding,SNOMED,,
36712731,Malignant melanoma of left choroid,condition,clinical finding,SNOMED,,
36712732,Malignant melanoma of right choroid,condition,clinical finding,SNOMED,,
36712744,Primary squamous cell carcinoma of left ear,condition,clinical finding,SNOMED,,
36712746,Primary squamous cell carcinoma of right ear,condition,clinical finding,SNOMED,,
35610168,Malignant neoplasm of nose,condition,clinical finding,SNOMED,,
35610243,Malignant neoplasm of jaw,condition,clinical finding,SNOMED,,
35610246,Malignant neoplasm of supraclavicular fossa,condition,clinical finding,SNOMED,,
253977,Overlapping malignant neoplasm of accessory sinuses,condition,clinical finding,SNOMED,,
22839,Overlapping malignant neoplasm of larynx,condition,clinical finding,SNOMED,,
436352,Primary malignant neoplasm of laryngeal cartilage,condition,clinical finding,SNOMED,,
4003674,Primary malignant neoplasm of branchial cleft,condition,clinical finding,SNOMED,,
4003693,Overlapping malignant neoplasm of brain,condition,clinical finding,SNOMED,,
4003694,"Primary malignant neoplasm of peripheral nerve of head, face AND/OR neck",condition,clinical finding,SNOMED,,
4002345,Primary malignant neoplasm of peripheral nerves of head,condition,clinical finding,SNOMED,,
4003173,Primary malignant neoplasm of peripheral nerves of face,condition,clinical finding,SNOMED,,
4001318,Primary malignant neoplasm of peripheral nerves of neck,condition,clinical finding,SNOMED,,
438095,Overlapping malignant neoplasm of eye and adnexa (primary),condition,clinical finding,SNOMED,,
3656333,Diffuse intrinsic pontine glioma,condition,clinical finding,SNOMED,,
4045412,Orbital lymphoma,condition,clinical finding,SNOMED,,
36684467,Merkel cell carcinoma of face,condition,clinical finding,SNOMED,,
761019,Merkel cell carcinoma of neck,condition,clinical finding,SNOMED,,
761020,Merkel cell carcinoma of scalp,condition,clinical finding,SNOMED,,
4046873,Odontogenic ghost cell carcinoma,condition,clinical finding,SNOMED,,
761863,Angiosarcoma of skin of cheek,condition,clinical finding,SNOMED,,
761906,Primary adenocarcinoma of lacrimal gland,condition,clinical finding,SNOMED,,
4091932,"Malignant neoplasm of epiglottis, free border",condition,clinical finding,SNOMED,,
4095309,Malignant neoplasm of glossoepiglottic fold,condition,clinical finding,SNOMED,,
4089646,Malignant neoplasm of junctional region of epiglottis,condition,clinical finding,SNOMED,,
4092058,Malignant tumor of opening of auditory tube,condition,clinical finding,SNOMED,,
4094854,Malignant tumor of cervical part of esophagus,condition,clinical finding,SNOMED,,
4094870,Malignant neoplasm of cartilage of nose,condition,clinical finding,SNOMED,,
4092209,Malignant neoplasm of nasal conchae,condition,clinical finding,SNOMED,,
4092210,Malignant tumor of nasal vestibule,condition,clinical finding,SNOMED,,
377229,"Malignant neoplasm of auditory tube, middle ear and mastoid air cells",condition,clinical finding,SNOMED,,
4089671,Malignant tumor of Eustachian tube,condition,clinical finding,SNOMED,,
4094871,Malignant tumor of tympanic cavity,condition,clinical finding,SNOMED,,
4095443,Malignant tumor of tympanic antrum,condition,clinical finding,SNOMED,,
4092211,Malignant tumor of glottis,condition,clinical finding,SNOMED,,
4092212,Malignant tumor of supraglottis,condition,clinical finding,SNOMED,,
4092213,Malignant neoplasm of arytenoid cartilage,condition,clinical finding,SNOMED,,
4095446,Malignant neoplasm of cricoid cartilage,condition,clinical finding,SNOMED,,
4092214,Malignant neoplasm of cuneiform cartilage,condition,clinical finding,SNOMED,,
258084,Malignant neoplasm of bones of skull and face,condition,clinical finding,SNOMED,,
4089761,Malignant neoplasm of malar bone,condition,clinical finding,SNOMED,,
4092223,Malignant neoplasm of orbital bone,condition,clinical finding,SNOMED,,
4095455,Malignant neoplasm of cervical vertebra,condition,clinical finding,SNOMED,,
4095008,Malignant neoplasm of cartilage of ear,condition,clinical finding,SNOMED,,
4089774,Malignant neoplasm of tarsus of eyelid,condition,clinical finding,SNOMED,,
4089775,Malignant neoplasm soft tissues of cervical spine,condition,clinical finding,SNOMED,,
4095589,Malignant melanoma of ear and/or external auditory canal,condition,clinical finding,SNOMED,,
4092364,Malignant melanoma of auricle (ear),condition,clinical finding,SNOMED,,
4089861,Malignant melanoma of external auditory meatus,condition,clinical finding,SNOMED,,
4092366,Malignant melanoma of chin,condition,clinical finding,SNOMED,,
4095590,Malignant melanoma of forehead,condition,clinical finding,SNOMED,,
4095591,Malignant melanoma of temple,condition,clinical finding,SNOMED,,
4095592,Malignant melanoma of scalp and/or neck,condition,clinical finding,SNOMED,,
4095142,Malignant melanoma of scalp,condition,clinical finding,SNOMED,,
4095593,Malignant melanoma of neck,condition,clinical finding,SNOMED,,
4095598,Malignant neoplasm of skin of ear and external auditory canal,condition,clinical finding,SNOMED,,
4095148,Malignant neoplasm of skin of auricle (ear),condition,clinical finding,SNOMED,,
4092379,Malignant neoplasm of skin of external auditory meatus,condition,clinical finding,SNOMED,,
4091333,"Malignant neoplasm of skin of cheek, external",condition,clinical finding,SNOMED,,
4092380,Malignant neoplasm of skin of nose (external),condition,clinical finding,SNOMED,,
4092381,Malignant neoplasm of skin of temple,condition,clinical finding,SNOMED,,
4092382,Malignant neoplasm of scalp and/or skin of neck,condition,clinical finding,SNOMED,,
439302,Malignant neoplasm of scalp,condition,clinical finding,SNOMED,,
374297,"Malignant neoplasm of eyeball excluding conjunctiva, cornea, retina and choroid",condition,clinical finding,SNOMED,,
4095294,Malignant tumor of ciliary body,condition,clinical finding,SNOMED,,
4095762,Malignant tumor of iris,condition,clinical finding,SNOMED,,
4095295,Malignant neoplasm of crystalline lens,condition,clinical finding,SNOMED,,
4095763,Malignant neoplasm of sclera,condition,clinical finding,SNOMED,,
4095764,Malignant neoplasm of connective tissue of orbit,condition,clinical finding,SNOMED,,
4092529,Malignant neoplasm of extraocular muscle of orbit,condition,clinical finding,SNOMED,,
4092530,Malignant tumor of lacrimal gland,condition,clinical finding,SNOMED,,
4092531,Malignant neoplasm of lacrimal sac,condition,clinical finding,SNOMED,,
372569,Malignant neoplasm of nasolacrimal duct,condition,clinical finding,SNOMED,,
4091490,Malignant neoplasm of cerebrum (excluding lobes and ventricles),condition,clinical finding,SNOMED,,
4091491,Malignant neoplasm of basal ganglia,condition,clinical finding,SNOMED,,
4092532,Malignant neoplasm of cerebral cortex,condition,clinical finding,SNOMED,,
4091492,Malignant neoplasm of corpus striatum,condition,clinical finding,SNOMED,,
4095298,Malignant neoplasm of globus pallidus,condition,clinical finding,SNOMED,,
4091493,Malignant tumor of hypothalamus,condition,clinical finding,SNOMED,,
4091610,Malignant neoplasm of thalamus,condition,clinical finding,SNOMED,,
4094251,Malignant neoplasm of hippocampus,condition,clinical finding,SNOMED,,
4094252,Malignant neoplasm of uncus,condition,clinical finding,SNOMED,,
4094254,Malignant tumor of choroid plexus,condition,clinical finding,SNOMED,,
4091612,Malignant neoplasm of floor of cerebral ventricle,condition,clinical finding,SNOMED,,
4095887,Malignant neoplasm of cerebral peduncle,condition,clinical finding,SNOMED,,
4091614,Malignant neoplasm of medulla oblongata,condition,clinical finding,SNOMED,,
4095888,Malignant neoplasm of midbrain,condition,clinical finding,SNOMED,,
4095299,Malignant neoplasm of pons,condition,clinical finding,SNOMED,,
4095889,Malignant neoplasm of corpus callosum,condition,clinical finding,SNOMED,,
4095300,Malignant neoplasm of tapetum,condition,clinical finding,SNOMED,,
4095303,Malignant neoplasm of olfactory bulb,condition,clinical finding,SNOMED,,
4091616,Malignant neoplasm of cerebral dura mater,condition,clinical finding,SNOMED,,
4091617,Malignant neoplasm of cerebral arachnoid mater,condition,clinical finding,SNOMED,,
4091618,Malignant neoplasm of cerebral pia mater,condition,clinical finding,SNOMED,,
4095892,"Malignant neoplasm of peripheral nerves of head, face and neck",condition,clinical finding,SNOMED,,
4095304,Malignant neoplasm of pituitary gland and craniopharyngeal duct,condition,clinical finding,SNOMED,,
4095305,Malignant tumor of craniopharyngeal duct,condition,clinical finding,SNOMED,,
438106,"Reticulosarcoma of lymph nodes of head, face and neck",condition,clinical finding,SNOMED,,
438380,"Lymphosarcoma of lymph nodes of head, face and neck",condition,clinical finding,SNOMED,,
436927,"Hodgkin's disease, lymphocytic-histiocytic predominance of lymph nodes of head, face and neck",condition,clinical finding,SNOMED,,
435198,"Hodgkin's disease, nodular sclerosis of lymph nodes of head, face and neck",condition,clinical finding,SNOMED,,
440056,"Hodgkin's disease, mixed cellularity of lymph nodes of head, face and neck",condition,clinical finding,SNOMED,,
439286,"Hodgkin's disease, lymphocytic depletion of lymph nodes of head, face and neck",condition,clinical finding,SNOMED,,
435207,"Nodular lymphoma of lymph nodes of head, face and neck",condition,clinical finding,SNOMED,,
132570,"Leukemic reticuloendotheliosis of lymph nodes of head, face and neck",condition,clinical finding,SNOMED,,
4094540,"Mast cell malignancy of lymph nodes of head, face and neck",condition,clinical finding,SNOMED,,
765459,Metastatic neoplasm of left basal ganglion,condition,clinical finding,SNOMED,,
4338758,Malignant tumor of eyelid,condition,clinical finding,SNOMED,,
4338759,Squamous cell carcinoma of eyelid,condition,clinical finding,SNOMED,,
4335883,Basal cell carcinoma of eyelid,condition,clinical finding,SNOMED,,
4335884,Sebaceous adenocarcinoma of eyelid,condition,clinical finding,SNOMED,,
4338760,Malignant melanoma of eyelid,condition,clinical finding,SNOMED,,
4334094,Kaposi's sarcoma of eyelid,condition,clinical finding,SNOMED,,
4334256,Lymphoma of retina,condition,clinical finding,SNOMED,,
37018884,Malignant glioma of eye,condition,clinical finding,SNOMED,,
4112589,Malignant tumor of nasal skeleton,condition,clinical finding,SNOMED,,
4110434,Malignant tumor of inferior turbinate,condition,clinical finding,SNOMED,,
4112593,Malignant tumor of middle turbinate,condition,clinical finding,SNOMED,,
4110435,Malignant tumor of posterior margin of nasal septum and choanae,condition,clinical finding,SNOMED,,
4110559,Malignant tumor of anterior commissure,condition,clinical finding,SNOMED,,
4110562,Malignant tumor of posterior commissure,condition,clinical finding,SNOMED,,
4110565,Malignant tumor of suprahyoid epiglottis,condition,clinical finding,SNOMED,,
4110566,Malignant tumor of infrahyoid epiglottis,condition,clinical finding,SNOMED,,
4110567,Malignant tumor of laryngeal ventricle,condition,clinical finding,SNOMED,,
4111797,Malignant tumor of parapharyngeal space,condition,clinical finding,SNOMED,,
4111799,Carcinoma of cervical part of esophagus,condition,clinical finding,SNOMED,,
4110884,Astrocytoma of brain,condition,clinical finding,SNOMED,,
4112961,Oligodendroglioma of brain,condition,clinical finding,SNOMED,,
4114193,Pituitary carcinoma,condition,clinical finding,SNOMED,,
4114198,Malignant tumor of olfactory tract,condition,clinical finding,SNOMED,,
4116215,Malignant tumor of optic nerve and sheath,condition,clinical finding,SNOMED,,
4114199,Malignant tumor of optic nerve sheath,condition,clinical finding,SNOMED,,
4112969,Malignant meningioma of optic nerve sheath,condition,clinical finding,SNOMED,,
4110889,Malignant tumor of acoustic vestibular nerve,condition,clinical finding,SNOMED,,
4114201,Adenoid cystic carcinoma of lacrimal gland,condition,clinical finding,SNOMED,,
4112975,Adenocarcinoma of lacrimal gland,condition,clinical finding,SNOMED,,
4116218,Carcinoma ex pleomorphic adenoma of lacrimal gland,condition,clinical finding,SNOMED,,
4116219,Liposarcoma of orbit,condition,clinical finding,SNOMED,,
4110891,Rhabdomyosarcoma of orbit,condition,clinical finding,SNOMED,,
4112979,Malignant hemangiopericytoma of orbit,condition,clinical finding,SNOMED,,
4116220,Malignant fibrous histiocytoma of orbit,condition,clinical finding,SNOMED,,
4111002,Squamous cell carcinoma of conjunctiva,condition,clinical finding,SNOMED,,
4112982,Malignant melanoma of conjunctiva,condition,clinical finding,SNOMED,,
4114213,Squamous cell carcinoma of cornea,condition,clinical finding,SNOMED,,
4111005,Malignant melanoma of iris,condition,clinical finding,SNOMED,,
4112983,Malignant melanoma of ciliary body,condition,clinical finding,SNOMED,,
4112984,Adenocarcinoma of pigmented epithelium of ciliary body,condition,clinical finding,SNOMED,,
4114215,Adenocarcinoma of non-pigmented epithelium of ciliary body,condition,clinical finding,SNOMED,,
4116224,Malignant melanoma of choroid,condition,clinical finding,SNOMED,,
4116236,"Malignant tumor of ear, nose and throat",condition,clinical finding,SNOMED,,
4111022,Malignant tumor of lateral nasal wall,condition,clinical finding,SNOMED,,
4111029,Malignant tumor of pituitary and hypothalamus,condition,clinical finding,SNOMED,,
4114340,Kaposi's sarcoma of conjunctiva,condition,clinical finding,SNOMED,,
4111030,Kaposi's sarcoma of cornea,condition,clinical finding,SNOMED,,
4116348,Metastasis to nervous system and eye,condition,clinical finding,SNOMED,,
4149839,Malignant tumor of middle ear and mastoid,condition,clinical finding,SNOMED,,
4149850,Malignant melanoma of head and neck,condition,clinical finding,SNOMED,,
4170619,Malignant melanoma of eye,condition,clinical finding,SNOMED,,
4174443,Malignant glioma of brain,condition,clinical finding,SNOMED,,
4174444,Glioblastoma multiforme of brain,condition,clinical finding,SNOMED,,
4174769,Primary cerebral lymphoma,condition,clinical finding,SNOMED,,
4172359,Carcinoma of larynx,condition,clinical finding,SNOMED,,
4082011,Malignant tumor of external ear,condition,clinical finding,SNOMED,,
4079553,Anaplastic astrocytoma of brain,condition,clinical finding,SNOMED,,
4079153,Medulloblastoma of cerebellum,condition,clinical finding,SNOMED,,
4080741,Malignant lymphoma of thyroid gland,condition,clinical finding,SNOMED,,
4094020,Malignant tumor of lacrimal drainage structure,condition,clinical finding,SNOMED,,
4083496,Neuroblastoma of brain,condition,clinical finding,SNOMED,,
4111221,Squamous cell carcinoma of skin of cheek,condition,clinical finding,SNOMED,,
4112780,Metastasis to brain of unknown primary,condition,clinical finding,SNOMED,,
4110135,Metastasis to eye of unknown primary,condition,clinical finding,SNOMED,,
4113636,Carcinoma of skin of head/neck,condition,clinical finding,SNOMED,,
4123439,Metastasis to head and neck lymph node,condition,clinical finding,SNOMED,,
4151310,Malignant neoplasm of canthus,condition,clinical finding,SNOMED,,
4196112,Retinal pigment epithelial adenocarcinoma,condition,clinical finding,SNOMED,,
4197474,Malignant neoplasm of upper eyelid,condition,clinical finding,SNOMED,,
4197475,Malignant neoplasm of lower eyelid,condition,clinical finding,SNOMED,,
4199641,Leukemic infiltrate of choroid,condition,clinical finding,SNOMED,,
4197152,Leukemic infiltrate of retina,condition,clinical finding,SNOMED,,
4178957,Malignant tumor of middle ear,condition,clinical finding,SNOMED,,
4181340,Malignant tumor of branchial cleft,condition,clinical finding,SNOMED,,
4177108,Malignant tumor of nasal septum,condition,clinical finding,SNOMED,,
4181346,Malignant tumor of mastoid air cells,condition,clinical finding,SNOMED,,
4177109,Malignant tumor of ethmoid sinus,condition,clinical finding,SNOMED,,
4181348,Malignant tumor of frontal sinus,condition,clinical finding,SNOMED,,
4177110,Malignant tumor of sphenoid sinus,condition,clinical finding,SNOMED,,
4177111,Malignant tumor of subglottis,condition,clinical finding,SNOMED,,
4181349,Malignant tumor of laryngeal cartilage,condition,clinical finding,SNOMED,,
4181350,Malignant tumor of soft tissue of head,condition,clinical finding,SNOMED,,
4180902,Malignant tumor of soft tissue of face,condition,clinical finding,SNOMED,,
4181477,Malignant neoplasm of eye,condition,clinical finding,SNOMED,,
4180906,Malignant tumor of orbit,condition,clinical finding,SNOMED,,
4177231,Malignant tumor of conjunctiva,condition,clinical finding,SNOMED,,
4181478,Malignant tumor of cornea,condition,clinical finding,SNOMED,,
4178973,Malignant tumor of retina,condition,clinical finding,SNOMED,,
4181479,Malignant tumor of choroid,condition,clinical finding,SNOMED,,
4181480,Malignant neoplasm of frontal lobe,condition,clinical finding,SNOMED,,
4180907,Malignant neoplasm of temporal lobe,condition,clinical finding,SNOMED,,
4181481,Malignant neoplasm of parietal lobe,condition,clinical finding,SNOMED,,
4177232,Malignant neoplasm of occipital lobe,condition,clinical finding,SNOMED,,
4177233,Malignant neoplasm of cerebral ventricles,condition,clinical finding,SNOMED,,
4180908,Malignant neoplasm of brainstem,condition,clinical finding,SNOMED,,
4178974,Malignant neoplasm of cerebral meninges,condition,clinical finding,SNOMED,,
4177235,Malignant tumor of pituitary gland,condition,clinical finding,SNOMED,,
4178977,Malignant tumor of pineal gland,condition,clinical finding,SNOMED,,
4180910,Malignant tumor of vocal cord,condition,clinical finding,SNOMED,,
4178978,Malignant tumor of aryepiglottic fold - laryngeal aspect,condition,clinical finding,SNOMED,,
4177237,Malignant tumor of false cord,condition,clinical finding,SNOMED,,
4179095,Malignant tumor of face,condition,clinical finding,SNOMED,,
4158977,Retinoblastoma,condition,clinical finding,SNOMED,,
441224,Primary malignant neoplasm of cervical esophagus,condition,clinical finding,SNOMED,,
374874,Primary malignant neoplasm of eye,condition,clinical finding,SNOMED,,
4155169,Primary malignant neoplasm of false vocal cord,condition,clinical finding,SNOMED,,
372567,Primary malignant neoplasm of lacrimal gland,condition,clinical finding,SNOMED,,
4155170,Primary malignant neoplasm of laryngeal aspect of aryepiglottic fold,condition,clinical finding,SNOMED,,
26052,Primary malignant neoplasm of larynx,condition,clinical finding,SNOMED,,
4162122,Primary malignant neoplasm of vocal cord,condition,clinical finding,SNOMED,,
4157451,Carcinoma of glottis,condition,clinical finding,SNOMED,,
4157452,Carcinoma of subglottis,condition,clinical finding,SNOMED,,
4162136,Carcinoma of supraglottis,condition,clinical finding,SNOMED,,
4162251,Malignant neoplasm of skin head and neck,condition,clinical finding,SNOMED,,
4157456,Primary malignant neoplasm of skin head and neck,condition,clinical finding,SNOMED,,
4162999,Carcinoma of vocal cord,condition,clinical finding,SNOMED,,
4164614,Ring melanoma of ciliary body,condition,clinical finding,SNOMED,,
4221229,Basal cell carcinoma of postauricular skin,condition,clinical finding,SNOMED,,
4221232,Basal cell carcinoma of preauricular skin,condition,clinical finding,SNOMED,,
4220171,Basal cell carcinoma of earlobe,condition,clinical finding,SNOMED,,
4220181,Basal cell carcinoma of pinnal sulcus,condition,clinical finding,SNOMED,,
4220475,Basal cell carcinoma of antihelix of ear,condition,clinical finding,SNOMED,,
4291143,Basal cell carcinoma of lower eyelid,condition,clinical finding,SNOMED,,
4292378,Basal cell carcinoma of medial canthus,condition,clinical finding,SNOMED,,
4291144,Basal cell carcinoma of lateral canthus,condition,clinical finding,SNOMED,,
4224745,Basal cell carcinoma of root of nose,condition,clinical finding,SNOMED,,
4221981,Basal cell carcinoma of dorsum of nose,condition,clinical finding,SNOMED,,
4223496,Basal cell carcinoma of lateral side wall of nose,condition,clinical finding,SNOMED,,
4222265,Basal cell carcinoma of ala nasi,condition,clinical finding,SNOMED,,
4222266,Basal cell carcinoma of supratip of nose,condition,clinical finding,SNOMED,,
4221984,Basal cell carcinoma of tip of nose,condition,clinical finding,SNOMED,,
4292379,Basal cell carcinoma of nasal columella,condition,clinical finding,SNOMED,,
4292380,Basal cell carcinoma of nasolabial groove,condition,clinical finding,SNOMED,,
4292381,Basal cell carcinoma of cheek,condition,clinical finding,SNOMED,,
4297665,Basal cell carcinoma of chin,condition,clinical finding,SNOMED,,
4297666,Basal cell carcinoma of neck,condition,clinical finding,SNOMED,,
4222268,Basal cell carcinoma of helix of ear,condition,clinical finding,SNOMED,,
4222107,Basal cell carcinoma of conchal bowl of ear,condition,clinical finding,SNOMED,,
4222108,Basal cell carcinoma of antitragus,condition,clinical finding,SNOMED,,
4222109,Basal cell carcinoma of tragus,condition,clinical finding,SNOMED,,
4222110,Basal cell carcinoma of obverse of pinna,condition,clinical finding,SNOMED,,
4299417,Basal cell carcinoma of face,condition,clinical finding,SNOMED,,
4291454,Basal cell carcinoma of nose,condition,clinical finding,SNOMED,,
4294416,Basal cell carcinoma of ear,condition,clinical finding,SNOMED,,
4300555,Squamous cell carcinoma of scalp,condition,clinical finding,SNOMED,,
4298026,Squamous cell carcinoma of skin of face,condition,clinical finding,SNOMED,,
4300556,Squamous cell carcinoma of forehead,condition,clinical finding,SNOMED,,
4295624,Squamous cell carcinoma of skin of ear,condition,clinical finding,SNOMED,,
4298032,Basal cell carcinoma of scalp,condition,clinical finding,SNOMED,,
4298033,Basal cell carcinoma of forehead,condition,clinical finding,SNOMED,,
4300565,Basal cell carcinoma of temple,condition,clinical finding,SNOMED,,
4297184,Basal cell carcinoma of glabella,condition,clinical finding,SNOMED,,
4297185,Basal cell carcinoma of upper eyelid,condition,clinical finding,SNOMED,,
4298129,Moll's gland adenocarcinoma,condition,clinical finding,SNOMED,,
4300574,Ceruminous gland adenocarcinoma,condition,clinical finding,SNOMED,,
4237016,Squamous cell carcinoma of larynx,condition,clinical finding,SNOMED,,
4252536,Squamous cell carcinoma of epiglottis,condition,clinical finding,SNOMED,,
4189478,Metastatic neuroblastoma of orbit proper,condition,clinical finding,SNOMED,,
4189506,Mucosa-associated lymphoid tissue (MALT) lymphoma of orbit,condition,clinical finding,SNOMED,,
4216273,"Primary malignant neoplasm of ear, nose AND/OR throat",condition,clinical finding,SNOMED,,
4218170,Malignant medulloepithelioma of ciliary body,condition,clinical finding,SNOMED,,
4226624,Malignant lymphoma of the eye region,condition,clinical finding,SNOMED,,
4227209,Primary intraocular non-Hodgkin malignant lymphoma,condition,clinical finding,SNOMED,,
4227969,Primary lymphoma of brain associated with AIDS,condition,clinical finding,SNOMED,,
4306331,Squamous cell carcinoma of bridge of nose,condition,clinical finding,SNOMED,,
4307574,Squamous cell carcinoma of chin,condition,clinical finding,SNOMED,,
4307708,Squamous cell carcinoma of ala nasi,condition,clinical finding,SNOMED,,
4309385,Carcinoma of nasal meatus,condition,clinical finding,SNOMED,,
4312004,Primary malignant neoplasm of lacrimal gland duct,condition,clinical finding,SNOMED,,
4307000,Leukemic infiltration of orbit,condition,clinical finding,SNOMED,,
4313056,Primary malignant neoplasm of lacrimal drainage system,condition,clinical finding,SNOMED,,
4313171,Malignant melanoma of skin of canthus of eye,condition,clinical finding,SNOMED,,
4308621,Squamous cell carcinoma of skin of neck,condition,clinical finding,SNOMED,,
4308629,Basal cell carcinoma of external auditory canal,condition,clinical finding,SNOMED,,
4307407,Carcinoma of tip of nose,condition,clinical finding,SNOMED,,
4310566,Malignant neoplasm of skin of eyelid,condition,clinical finding,SNOMED,,
4309539,Malignant melanoma of skin of lower eyelid,condition,clinical finding,SNOMED,,
4313205,Malignant melanoma of skin of upper eyelid,condition,clinical finding,SNOMED,,
4307861,Squamous cell carcinoma of external auditory canal,condition,clinical finding,SNOMED,,
4313766,Malignant melanoma of retina,condition,clinical finding,SNOMED,,
4308005,Squamous cell carcinoma of auricle of ear,condition,clinical finding,SNOMED,,
4309707,Sarcoma of head and neck,condition,clinical finding,SNOMED,,
4312370,Squamous cell carcinoma of tip of nose,condition,clinical finding,SNOMED,,
4314458,Anaplastic glioma of brain,condition,clinical finding,SNOMED,,
4314584,Squamous cell carcinoma of nasolabial fold,condition,clinical finding,SNOMED,,
4308934,Malignant glioma of brainstem,condition,clinical finding,SNOMED,,
4313482,Basal cell carcinoma of auricle of ear,condition,clinical finding,SNOMED,,
4314299,Squamous cell carcinoma of temple,condition,clinical finding,SNOMED,,
4143679,"Hodgkin's disease, lymphocytic depletion of lymph nodes of head",condition,clinical finding,SNOMED,,
443588,Malignant neoplasm of brain,condition,clinical finding,SNOMED,,
443561,Malignant neoplasm of cerebrum,condition,clinical finding,SNOMED,,
762782,Gnathic osteosarcoma,condition,clinical finding,SNOMED,,
4258703,Primary squamous cell carcinoma of naris,condition,clinical finding,SNOMED,,
40479582,Adenocarcinoma of head and neck,condition,clinical finding,SNOMED,,
40480128,Malignant neoplasm of skin of face,condition,clinical finding,SNOMED,,
40482750,Malignant neoplasm of ear,condition,clinical finding,SNOMED,,
40490343,Chordoma of clivus,condition,clinical finding,SNOMED,,
40486083,Leiomyosarcoma of scalp,condition,clinical finding,SNOMED,,
40486535,Angiosarcoma of cheek,condition,clinical finding,SNOMED,,
40487047,Malignant neoplasm of carotid body,condition,clinical finding,SNOMED,,
40487484,Carcinoma of cheek,condition,clinical finding,SNOMED,,
40488902,Malignant neoplasm of cerebellopontine angle,condition,clinical finding,SNOMED,,
40488917,Follicular non-Hodgkin's lymphoma of nose,condition,clinical finding,SNOMED,,
40488935,Malignant neoplasm of axial suprasellar region of brain,condition,clinical finding,SNOMED,,
40488937,Malignant teratoma of pineal region,condition,clinical finding,SNOMED,,
40488991,Malignant neoplasm of mastoid,condition,clinical finding,SNOMED,,
40489481,Non-Hodgkin's lymphoma of nose,condition,clinical finding,SNOMED,,
40490009,Transglottic malignant neoplasm of larynx,condition,clinical finding,SNOMED,,
40490463,Malignant neoplasm of maxillofacial bone,condition,clinical finding,SNOMED,,
40490993,Malignant neoplasm of mandible,condition,clinical finding,SNOMED,,
40490994,Malignant neoplasm of soft tissue of orbit,condition,clinical finding,SNOMED,,
40492016,Carcinoma of pineal gland,condition,clinical finding,SNOMED,,
40492482,Squamous cell carcinoma of nose,condition,clinical finding,SNOMED,,
40492932,Carcinoma of nose,condition,clinical finding,SNOMED,,
40492933,Carcinoma of brain,condition,clinical finding,SNOMED,,
40492934,Carcinoma of nasal cavity,condition,clinical finding,SNOMED,,
40493019,Diffuse non-Hodgkin's lymphoma of nose,condition,clinical finding,SNOMED,,
40493020,Malignant neoplasm of upper respiratory tract,condition,clinical finding,SNOMED,,
40493032,Carcinoma of maxilla,condition,clinical finding,SNOMED,,
40486161,Carcinoma of face,condition,clinical finding,SNOMED,,
40486207,Carcinoma of hypothalamus,condition,clinical finding,SNOMED,,
40486222,Sarcoma of mandible,condition,clinical finding,SNOMED,,
40486640,Sarcoma of skull,condition,clinical finding,SNOMED,,
40487140,Carcinoma of nasal septum,condition,clinical finding,SNOMED,,
40487143,Malignant neoplasm of cerebellum,condition,clinical finding,SNOMED,,
40487596,Carcinoma of mandible,condition,clinical finding,SNOMED,,
133511,Lethal midline granuloma,condition,clinical finding,SNOMED,,
37016571,Basal cell carcinoma of naris,condition,clinical finding,SNOMED,,
36684443,Grade 2 astrocytoma of brain,condition,clinical finding,SNOMED,,
36717624,Primary glioblastoma multiforme of frontal lobe,condition,clinical finding,SNOMED,,
36685010,Sarcoma of face,condition,clinical finding,SNOMED,,
44783808,Undifferentiated carcinoma of nasal sinus,condition,clinical finding,SNOMED,,
44783845,Malignant melanoma of nasal cavity,condition,clinical finding,SNOMED,,
44784245,Malignant melanoma of ethmoid sinus,condition,clinical finding,SNOMED,,
44784247,Malignant melanoma of maxillary sinus,condition,clinical finding,SNOMED,,
44782471,Supratentorial primitive neuroectodermal tumor,condition,clinical finding,SNOMED,,
44783280,Sarcoma of orbit,condition,clinical finding,SNOMED,,
44782480,Leiomyosarcoma of orbit,condition,clinical finding,SNOMED,,
45768824,Primary adenocarcinoma of accessory sinus,condition,clinical finding,SNOMED,,
45771012,Primary adenocarcinoma of maxillary sinus,condition,clinical finding,SNOMED,,
45768828,Primary adenocarcinoma of ethmoidal sinus,condition,clinical finding,SNOMED,,
45768829,Primary adenocarcinoma of frontal sinus,condition,clinical finding,SNOMED,,
45768830,Primary adenocarcinoma of sphenoidal sinus,condition,clinical finding,SNOMED,,
45771013,Primary carcinoma of accessory sinus,condition,clinical finding,SNOMED,,
45768831,Primary carcinoma of ethmoidal sinus,condition,clinical finding,SNOMED,,
45768832,Primary carcinoma of maxillary sinus,condition,clinical finding,SNOMED,,
45772927,Primary carcinoma of sphenoidal sinus,condition,clinical finding,SNOMED,,
45768833,Primary carcinoma of frontal sinus,condition,clinical finding,SNOMED,,
45771014,Malignant melanoma of accessory sinus,condition,clinical finding,SNOMED,,
45768836,Primary squamous cell carcinoma of accessory sinus,condition,clinical finding,SNOMED,,
45771015,Primary squamous cell carcinoma of maxillary sinus,condition,clinical finding,SNOMED,,
45768837,Primary squamous cell carcinoma of sphenoidal sinus,condition,clinical finding,SNOMED,,
45768838,Primary squamous cell carcinoma of frontal sinus,condition,clinical finding,SNOMED,,
45768839,Primary squamous cell carcinoma of laryngeal cartilage,condition,clinical finding,SNOMED,,
45768840,Primary squamous cell carcinoma of larynx,condition,clinical finding,SNOMED,,
45773563,Primary squamous cell carcinoma of ethmoidal sinus,condition,clinical finding,SNOMED,,
45772928,Primary lymphoepithelial carcinoma of larynx,condition,clinical finding,SNOMED,,
45768841,Malignant melanoma of frontal sinus,condition,clinical finding,SNOMED,,
45768842,Malignant melanoma of sphenoidal sinus,condition,clinical finding,SNOMED,,
45768893,Primary undifferentiated carcinoma of larynx,condition,clinical finding,SNOMED,,
45768894,Primary spindle cell squamous cell carcinoma of larynx,condition,clinical finding,SNOMED,,
45768895,Primary basaloid carcinoma of larynx,condition,clinical finding,SNOMED,,
45771018,Primary adenosquamous cell carcinoma of larynx,condition,clinical finding,SNOMED,,
45768896,Primary adenoid squamous cell carcinoma of larynx,condition,clinical finding,SNOMED,,
45768897,Primary papillary squamous cell carcinoma of larynx,condition,clinical finding,SNOMED,,
45768898,Primary verrucous carcinoma of larynx,condition,clinical finding,SNOMED,,
45768899,Overlapping squamous cell carcinoma of larynx,condition,clinical finding,SNOMED,,
45768900,Overlapping squamous cell carcinoma of laryngeal cartilage,condition,clinical finding,SNOMED,,
45768940,Primary adenocarcinoma of subglottis,condition,clinical finding,SNOMED,,
45768979,Primary squamous cell carcinoma of branchial cleft,condition,clinical finding,SNOMED,,
45769017,Primary squamous cell carcinoma of supraglottis,condition,clinical finding,SNOMED,,
45769018,Primary squamous cell carcinoma of subglottis,condition,clinical finding,SNOMED,,
45769087,Primary giant cell carcinoma of larynx,condition,clinical finding,SNOMED,,
45769089,Primary basaloid squamous cell carcinoma of larynx,condition,clinical finding,SNOMED,,
45769091,Primary squamous cell carcinoma of glottis,condition,clinical finding,SNOMED,,
45769780,Periosteal osteosarcoma of jaw,condition,clinical finding,SNOMED,,
46271921,Malignant odontogenic neoplasm of lower jaw,condition,clinical finding,SNOMED,,
46271922,Malignant odontogenic tumor of upper jaw,condition,clinical finding,SNOMED,,
37017087,Malignant ameloblastoma of mandible,condition,clinical finding,SNOMED,,
37017112,Primary cerebral lymphoma co-occurrent with human immunodeficiency virus infection,condition,clinical finding,SNOMED,,
37017114,Malignant meningioma of meninges of brain,condition,clinical finding,SNOMED,,
37396187,Pineal parenchymal tumor of intermediate differentiation,condition,clinical finding,SNOMED,,
37396745,Squamous cell carcinoma of head and neck,condition,clinical finding,SNOMED,,
36715787,Primary adenocarcinoma of ciliary epithelium,condition,clinical finding,SNOMED,,
36715788,Primary adenocarcinoma of epithelium of iris,condition,clinical finding,SNOMED,,
36715789,Primary malignant neoplasm of lacrimal apparatus,condition,clinical finding,SNOMED,,
36715790,Primary adenocarcinoma of lacrimal apparatus,condition,clinical finding,SNOMED,,
36715799,Primary adenocarcinoma of nasal cavity,condition,clinical finding,SNOMED,,
36717484,Primary adenocarcinoma of middle ear,condition,clinical finding,SNOMED,,
36715835,Primary squamous cell carcinoma of overlapping lesion of accessory sinuses,condition,clinical finding,SNOMED,,
36715836,Primary adenocarcinoma of overlapping lesion of accessory sinuses,condition,clinical finding,SNOMED,,
36716193,Primary squamous cell carcinoma of ear,condition,clinical finding,SNOMED,,
36716605,Primary malignant melanoma of cornea,condition,clinical finding,SNOMED,,
36716606,Primary squamous cell carcinoma of lacrimal apparatus,condition,clinical finding,SNOMED,,
36717578,Primary squamous cell carcinoma of middle ear,condition,clinical finding,SNOMED,,
36716633,Primary mucoepidermoid carcinoma of lacrimal apparatus,condition,clinical finding,SNOMED,,
36716941,Primary squamous cell carcinoma of nasal cavity,condition,clinical finding,SNOMED,,
37109901,Primary osteosarcoma of bone of jaw,condition,clinical finding,SNOMED,,
37109902,Primary osteosarcoma of articular cartilage of jaw,condition,clinical finding,SNOMED,,
42536528,Primary malignant neuroepitheliomatous neoplasm of nasal cavity,condition,clinical finding,SNOMED,,
42536762,Primary ganglioneuroblastoma of brain,condition,clinical finding,SNOMED,,
42536892,Primary malignant neuroepithelial neoplasm of retina,condition,clinical finding,SNOMED,,
42536893,Primary malignant neoplasm of ocular adnexa,condition,clinical finding,SNOMED,,
42539581,Primary malignant neoplasm of lacrimal caruncle,condition,clinical finding,SNOMED,,
42536894,Primary malignant neuroepithelial neoplasm of iris,condition,clinical finding,SNOMED,,
42536895,Primary malignant neuroepithelial neoplasm of ciliary body,condition,clinical finding,SNOMED,,
42536896,Primary malignant neuroepithelial neoplasm of orbit,condition,clinical finding,SNOMED,,
42538692,Astroblastoma of brain,condition,clinical finding,SNOMED,,
35622133,Primary lymphoma of conjunctiva,condition,clinical finding,SNOMED,,
35614931,Pineoblastoma,condition,clinical finding,SNOMED,,
36676672,Primary ameloblastic carcinoma,condition,clinical finding,SNOMED,,
37312118,Malignant middle ear paraganglioma,condition,clinical finding,SNOMED,,
37311849,Malignant pituitary blastoma,condition,clinical finding,SNOMED,,
3654361,Chordoma of cervical spine,condition,clinical finding,SNOMED,,
3655607,Malignant melanoma of orbit,condition,clinical finding,SNOMED,,
3655608,Malignant melanoma of overlapping lesion of eye and adnexa,condition,clinical finding,SNOMED,,
3655614,Malignant melanoma of lacrimal gland,condition,clinical finding,SNOMED,,
3663221,Malignant melanoma of lacrimal drainage system,condition,clinical finding,SNOMED,,
3655627,Malignant nerve sheath neoplasm of peripheral nerve of head and neck,condition,clinical finding,SNOMED,,
3655843,Osteosarcoma of bone of head,condition,clinical finding,SNOMED,,
37018638,Malignant glioma of cerebrum,condition,clinical finding,SNOMED,,
764935,Primary malignant glioma of brain,condition,clinical finding,SNOMED,,
37018639,Malignant glioma of hypothalamus,condition,clinical finding,SNOMED,,
37018640,Malignant glioma of cerebellum,condition,clinical finding,SNOMED,,
36684446,Low grade malignant glioma of brain,condition,clinical finding,SNOMED,,
36684447,Grade 4 malignant glioma of brain,condition,clinical finding,SNOMED,,
437504,"Burkitt's tumor of lymph nodes of head, face AND/OR neck",condition,clinical finding,SNOMED,,
436362,"Letterer-Siwe disease of lymph nodes of head, face AND/OR neck",condition,clinical finding,SNOMED,,
441525,"Malignant histiocytosis of lymph nodes of head, face AND/OR neck",condition,clinical finding,SNOMED,,
438698,"Malignant lymphoma of lymph nodes of head, face AND/OR neck",condition,clinical finding,SNOMED,,
4244166,Malignant melanoma of skin of cheek,condition,clinical finding,SNOMED,,
4244167,Malignant melanoma of skin of chin,condition,clinical finding,SNOMED,,
444462,Malignant melanoma of skin of ear,condition,clinical finding,SNOMED,,
134294,Malignant melanoma of skin of external auditory canal,condition,clinical finding,SNOMED,,
4245918,Malignant melanoma of skin of eyebrow,condition,clinical finding,SNOMED,,
434590,Malignant melanoma of skin of eyelid,condition,clinical finding,SNOMED,,
133713,Malignant melanoma of skin of face,condition,clinical finding,SNOMED,,
4246474,Malignant melanoma of skin of forehead,condition,clinical finding,SNOMED,,
433161,"Hodgkin's disease, lymphocytic depletion of lymph nodes of head, face AND/OR neck",condition,clinical finding,SNOMED,,
437818,"Hodgkin's disease of lymph nodes of head, face AND/OR neck",condition,clinical finding,SNOMED,,
435494,"Hodgkin's paragranuloma of lymph nodes of head, face AND/OR neck",condition,clinical finding,SNOMED,,
440050,Malignant melanoma of skin of neck,condition,clinical finding,SNOMED,,
4244488,Malignant melanoma of skin of nose,condition,clinical finding,SNOMED,,
442143,Malignant melanoma of skin of scalp,condition,clinical finding,SNOMED,,
4246792,Malignant melanoma of skin of temporal region,condition,clinical finding,SNOMED,,
4244491,Primary malignant neoplasm of abducens nerve,condition,clinical finding,SNOMED,,
4247716,Primary malignant neoplasm of accessory nerve,condition,clinical finding,SNOMED,,
259748,Primary malignant neoplasm of accessory sinus,condition,clinical finding,SNOMED,,
4246013,Primary malignant neoplasm of acoustic nerve,condition,clinical finding,SNOMED,,
4246019,Primary malignant neoplasm of blood vessel of face,condition,clinical finding,SNOMED,,
4246798,Primary malignant neoplasm of blood vessel of head,condition,clinical finding,SNOMED,,
4247723,Primary malignant neoplasm of blood vessel of neck,condition,clinical finding,SNOMED,,
4246025,Primary malignant neoplasm of bone of face,condition,clinical finding,SNOMED,,
4246802,Primary malignant neoplasm of bone of skull,condition,clinical finding,SNOMED,,
441806,Primary malignant neoplasm of brain stem,condition,clinical finding,SNOMED,,
380055,Primary malignant neoplasm of brain,condition,clinical finding,SNOMED,,
27235,Primary malignant neoplasm of carotid body,condition,clinical finding,SNOMED,,
4246028,Primary malignant neoplasm of cartilage of nose,condition,clinical finding,SNOMED,,
433149,Primary malignant neoplasm of cerebellum,condition,clinical finding,SNOMED,,
436926,Primary malignant neoplasm of cerebral meninges,condition,clinical finding,SNOMED,,
432848,Primary malignant neoplasm of cerebral ventricle,condition,clinical finding,SNOMED,,
380661,Primary malignant neoplasm of cerebrum,condition,clinical finding,SNOMED,,
4246030,Primary malignant neoplasm of cervical vertebral column,condition,clinical finding,SNOMED,,
4246031,Primary malignant neoplasm of cheek,condition,clinical finding,SNOMED,,
378696,Primary malignant neoplasm of choroid,condition,clinical finding,SNOMED,,
4246808,Primary malignant neoplasm of ciliary body (primary),condition,clinical finding,SNOMED,,
373151,Primary malignant neoplasm of conjunctiva (primary),condition,clinical finding,SNOMED,,
375490,Primary malignant neoplasm of cornea (primary),condition,clinical finding,SNOMED,,
442134,Primary malignant neoplasm of craniopharyngeal duct,condition,clinical finding,SNOMED,,
4246922,Primary malignant neoplasm of epiglottis,condition,clinical finding,SNOMED,,
4247239,Primary malignant neoplasm of ethmoid bone,condition,clinical finding,SNOMED,,
140046,Primary malignant neoplasm of ethmoidal sinus,condition,clinical finding,SNOMED,,
4246037,Primary malignant neoplasm of eustachian tube,condition,clinical finding,SNOMED,,
442132,Primary malignant neoplasm of face,condition,clinical finding,SNOMED,,
4246923,Primary malignant neoplasm of facial nerve,condition,clinical finding,SNOMED,,
4311475,Primary malignant neoplasm of frontal bone,condition,clinical finding,SNOMED,,
441233,Primary malignant neoplasm of frontal lobe,condition,clinical finding,SNOMED,,
132258,Primary malignant neoplasm of frontal sinus,condition,clinical finding,SNOMED,,
260336,Primary malignant neoplasm of glottis,condition,clinical finding,SNOMED,,
442131,Primary malignant neoplasm of head,condition,clinical finding,SNOMED,,
4247829,Primary malignant neoplasm of hypoglossal nerve,condition,clinical finding,SNOMED,,
4246124,Primary malignant neoplasm of jaw,condition,clinical finding,SNOMED,,
4247830,Primary malignant neoplasm of laryngeal commissure,condition,clinical finding,SNOMED,,
379756,Primary malignant neoplasm of mandible,condition,clinical finding,SNOMED,,
4311483,Primary malignant neoplasm of mastoid air cells,condition,clinical finding,SNOMED,,
4246130,Primary malignant neoplasm of maxilla,condition,clinical finding,SNOMED,,
137800,Primary malignant neoplasm of maxillary sinus,condition,clinical finding,SNOMED,,
4247336,Primary malignant neoplasm of middle ear,condition,clinical finding,SNOMED,,
4311487,Primary malignant neoplasm of muscle of face,condition,clinical finding,SNOMED,,
4247838,Primary malignant neoplasm of muscle of head,condition,clinical finding,SNOMED,,
4311489,Primary malignant neoplasm of muscle of neck,condition,clinical finding,SNOMED,,
4246136,Primary malignant neoplasm of nasal bone,condition,clinical finding,SNOMED,,
438367,Primary malignant neoplasm of nasal cavity,condition,clinical finding,SNOMED,,
4247843,Primary malignant neoplasm of nasal concha,condition,clinical finding,SNOMED,,
30346,Primary malignant neoplasm of neck,condition,clinical finding,SNOMED,,
4247338,Primary malignant neoplasm of nose,condition,clinical finding,SNOMED,,
4247846,Primary malignant neoplasm of occipital bone,condition,clinical finding,SNOMED,,
432559,Primary malignant neoplasm of occipital lobe,condition,clinical finding,SNOMED,,
4311493,Primary malignant neoplasm of oculomotor nerve,condition,clinical finding,SNOMED,,
4247847,Primary malignant neoplasm of olfactory nerve,condition,clinical finding,SNOMED,,
441809,Primary malignant neoplasm of orbit,condition,clinical finding,SNOMED,,
139753,Primary malignant neoplasm of parathyroid gland,condition,clinical finding,SNOMED,,
4247339,Primary malignant neoplasm of parietal bone,condition,clinical finding,SNOMED,,
438086,Primary malignant neoplasm of parietal lobe,condition,clinical finding,SNOMED,,
26361,Primary malignant neoplasm of pineal gland,condition,clinical finding,SNOMED,,
24296,Primary malignant neoplasm of pituitary gland,condition,clinical finding,SNOMED,,
377811,Primary malignant neoplasm of retina (primary),condition,clinical finding,SNOMED,,
4312677,Primary malignant neoplasm of sclera (primary),condition,clinical finding,SNOMED,,
4246225,Primary malignant neoplasm of septum of nose,condition,clinical finding,SNOMED,,
4246227,Primary malignant neoplasm of skin of cheek,condition,clinical finding,SNOMED,,
4246228,Primary malignant neoplasm of skin of chin,condition,clinical finding,SNOMED,,
4247350,Primary malignant neoplasm of skin of ear,condition,clinical finding,SNOMED,,
136916,Primary malignant neoplasm of skin of external auditory canal,condition,clinical finding,SNOMED,,
4246230,Primary malignant neoplasm of skin of eyebrow,condition,clinical finding,SNOMED,,
435755,Primary malignant neoplasm of skin of eyelid,condition,clinical finding,SNOMED,,
136917,Primary malignant neoplasm of skin of face,condition,clinical finding,SNOMED,,
4246231,Primary malignant neoplasm of skin of forehead,condition,clinical finding,SNOMED,,
434291,Primary malignant neoplasm of skin of neck,condition,clinical finding,SNOMED,,
4311617,Primary malignant neoplasm of skin of nose,condition,clinical finding,SNOMED,,
4312687,Primary malignant neoplasm of skin of scalp,condition,clinical finding,SNOMED,,
4247354,Primary malignant neoplasm of skin of temporal region,condition,clinical finding,SNOMED,,
4311619,Primary malignant neoplasm of soft tissues of face,condition,clinical finding,SNOMED,,
4247357,Primary malignant neoplasm of soft tissues of head,condition,clinical finding,SNOMED,,
4246235,Primary malignant neoplasm of soft tissues of neck,condition,clinical finding,SNOMED,,
4246236,Primary malignant neoplasm of sphenoid bone,condition,clinical finding,SNOMED,,
136639,Primary malignant neoplasm of sphenoidal sinus,condition,clinical finding,SNOMED,,
259755,Primary malignant neoplasm of subglottis,condition,clinical finding,SNOMED,,
4312692,Primary malignant neoplasm of supraclavicular region,condition,clinical finding,SNOMED,,
261514,Primary malignant neoplasm of supraglottis,condition,clinical finding,SNOMED,,
4312693,Primary malignant neoplasm of temporal bone,condition,clinical finding,SNOMED,,
433976,Primary malignant neoplasm of temporal lobe,condition,clinical finding,SNOMED,,
4246243,Primary malignant neoplasm of thyroglossal duct,condition,clinical finding,SNOMED,,
133424,Primary malignant neoplasm of thyroid gland,condition,clinical finding,SNOMED,,
4311625,Primary malignant neoplasm of trigeminal nerve,condition,clinical finding,SNOMED,,
4246246,Primary malignant neoplasm of trochlear nerve,condition,clinical finding,SNOMED,,
252840,Primary malignant neoplasm of upper respiratory tract,condition,clinical finding,SNOMED,,
4311627,Primary malignant neoplasm of uveal tract (primary),condition,clinical finding,SNOMED,,
4312032,Primary malignant neoplasm of vestibule of nose,condition,clinical finding,SNOMED,,
4312033,Primary malignant neoplasm of vomer,condition,clinical finding,SNOMED,,
4246249,Primary malignant neoplasm of zygomatic bone,condition,clinical finding,SNOMED,,
4314501,"Mixed cell type lymphosarcoma of lymph nodes of head, face, and neck",condition,clinical finding,SNOMED,,
138377,"Mycosis fungoides of lymph nodes of head, face AND/OR neck",condition,clinical finding,SNOMED,,
764971,Prostate cancer metastatic to eye,condition,clinical finding,SNOMED,,
37018661,Malignant neoplasm of rectosigmoid junction metastatic to brain,condition,clinical finding,SNOMED,,
37018667,Astrocytoma of cerebrum,condition,clinical finding,SNOMED,,
4230385,Postablative hypoparathyroidism,condition,clinical finding,SNOMED,,
36713534,Hypoparathyroidism after iodine thyroid ablation,condition,clinical finding,SNOMED,,
4095912,Hypothyroidism resulting from para-aminosalicylic acid,condition,clinical finding,SNOMED,,
4095913,Hypothyroidism resulting from phenylbutazone,condition,clinical finding,SNOMED,,
45757130,Hyperthyroidism in childbirth,condition,clinical finding,SNOMED,,
45757161,Thyroiditis in pregnancy,condition,clinical finding,SNOMED,,
45757193,Hypothyroidism in childbirth,condition,clinical finding,SNOMED,,
4130014,Thyrotoxicosis in pregnancy,condition,clinical finding,SNOMED,,
4130015,HCG-induced thyrotoxicosis,condition,clinical finding,SNOMED,,
4166774,Thyroid disease in pregnancy,condition,clinical finding,SNOMED,,
4176015,Hypothyroidism in pregnancy,condition,clinical finding,SNOMED,,
45766197,Familial gestational hyperthyroidism,condition,clinical finding,SNOMED,,
42535715,Hyperthyroidism in pregnancy,condition,clinical finding,SNOMED,,
